{
    "dc_per_class_pp_all": {
        "1": 0.9893602943634806,
        "10": 0.9234388948738065,
        "11": 0.9773477686962333,
        "12": 0.9265022014537551,
        "13": 0.6013235260887135,
        "2": 0.8487913379592399,
        "3": 0.8699745549436319,
        "4": 0.9425582008906104,
        "5": 0.9494574155482792,
        "6": 0.9618748920743679,
        "7": 0.8922560494446325,
        "8": 0.6306827230268452,
        "9": 0.9229868426881247
    },
    "dc_per_class_pp_per_class": {
        "1": 0.9894512553335676,
        "10": 0.9234388948738065,
        "11": 0.9773480096298115,
        "12": 0.9197474207731205,
        "13": 0.9804379063085136,
        "2": 0.9820390675943852,
        "3": 0.9818582445908557,
        "4": 0.9379117981541266,
        "5": 0.9715389354828784,
        "6": 0.9618748920743679,
        "7": 0.892234653793621,
        "8": 0.8901470123477352,
        "9": 0.9231366143799196
    },
    "dc_per_class_raw": {
        "1": 0.9893601505009496,
        "10": 0.923368709854378,
        "11": 0.9773439527343798,
        "12": 0.9263757283450627,
        "13": 0.9804363738754712,
        "2": 0.9820423462616857,
        "3": 0.9818582445908557,
        "4": 0.9425582008906104,
        "5": 0.9715389354828784,
        "6": 0.9618748920743679,
        "7": 0.8922547447148446,
        "8": 0.8901029390680276,
        "9": 0.9229862781256171
    },
    "for_which_classes": [
        1,
        10,
        11,
        13,
        8,
        9
    ],
    "min_valid_object_sizes": "None",
    "num_samples": 44,
    "validation_final": "validation_raw_postprocessed",
    "validation_raw": "validation_raw"
}